,GF=F,KE=F,ZC=F,ZL=F,ZM=F,ZR=F,ZS=F,ZW=F
Best Model,0.00010867633365124747,0.00038193448649299195,0.0003072708792506911,0.00036824968432165356,0.0003299128103320991,0.13394370971172903,0.00015163596841178,0.0004014940852576139
