,GF=F,KE=F,ZC=F,ZL=F,ZM=F,ZR=F,ZS=F,ZW=F
Best Model,0.00010863688500248831,0.00038255125951759764,0.00030382401862242235,0.00036909943088687404,0.0003311145925121033,0.08975818283360316,0.00015261651944623757,0.00040119556567816335
