,GF=F,KE=F,ZC=F,ZL=F,ZM=F,ZR=F,ZS=F,ZW=F
Best Model,0.00010886878007477238,0.0003867486176652519,0.0003034765828738102,0.00036690731287329056,0.0003352764394519385,0.13532748053172125,0.00014939129346615095,0.00040896508222938667
