,GF=F,KE=F,ZC=F,ZL=F,ZM=F,ZR=F,ZS=F,ZW=F
Best Model,0.001863558358285238,0.00041234203904946966,0.00031450223427219255,0.0010778309310390621,0.0003333248517181665,0.12913776207143213,0.00020035861546976582,0.00041271055702721423
