,GF=F,KE=F,ZC=F,ZL=F,ZM=F,ZR=F,ZS=F,ZW=F
Best Model,0.00010943935416900426,0.0003801845156179657,0.00030278173307265977,0.0003666674186166425,0.00032965305222554904,0.1334406823945103,0.00015048300328661979,0.00039833619664867776
