,GF=F,KE=F,ZC=F,ZL=F,ZM=F,ZR=F,ZS=F,ZW=F
Best Model,0.00010933758845064584,0.00038344910448707514,0.0003052849220718011,0.0003661608806529919,0.0003295509966018084,0.13156975130785922,0.000151380342605112,0.0004009762114552554
