,GF=F,KE=F,ZC=F,ZL=F,ZM=F,ZR=F,ZS=F,ZW=F
Best Model,0.00010759112879955405,0.00038985304385179774,0.0003040419590726735,0.00037363315378317836,0.00033260745275673814,0.13612089449943093,0.00014787560976675334,0.0004068973902750364
