,GF=F,KE=F,ZC=F,ZL=F,ZM=F,ZR=F,ZS=F,ZW=F
Best Model,0.00010898612418219726,0.0003833782229581771,0.0003039961914831816,0.0003692935165159908,0.00032876252944210856,0.09052339736154259,0.0001509208835305232,0.0004031780727974453
