,GF=F,KE=F,ZC=F,ZL=F,ZM=F,ZR=F,ZS=F,ZW=F
Best Model,0.0001091841315779374,0.00038218157484803554,0.0003021526515052522,0.0003695287196856327,0.0003331672848254446,0.12896002870790776,0.00014726621612074097,0.00040092102283047063
