,GF=F,KE=F,ZC=F,ZL=F,ZM=F,ZR=F,ZS=F,ZW=F
Best Model,0.00010945598878120976,0.0003866697636625766,0.00030882013017806046,0.00036898044350912264,0.0003437887161087026,0.13382752441637777,0.00014816156000153758,0.00041102651347433216
