,GF=F,KE=F,ZC=F,ZL=F,ZM=F,ZR=F,ZS=F,ZW=F
Best Model,0.00010888471857754088,0.0003869669290861558,0.0003071523983460059,0.00036675743975503805,0.00033612016179348104,0.1372259462304803,0.000149043829475775,0.00041220939871750755
