,GF=F,KE=F,ZC=F,ZL=F,ZM=F,ZR=F,ZS=F,ZW=F
Best Model,0.00010924864900025345,0.00038164028806659286,0.00030749551565998105,0.0003702602208585623,0.00033244725577178525,0.09115055411173459,0.00015064847517274975,0.00040139610777335967
