,GF=F,KE=F,ZC=F,ZL=F,ZM=F,ZR=F,ZS=F,ZW=F
Best Model,0.00010857176433668775,0.00038118692504776,0.0003130356815043125,0.00037079724055945963,0.00032991523349328066,0.09048076499091248,0.00015281614180061257,0.0003999852739209394
