,GF=F,KE=F,ZC=F,ZL=F,ZM=F,ZR=F,ZS=F,ZW=F
Best Model,0.00010924082206984086,0.00037983129291571134,0.0003022166492449513,0.00036753761812674036,0.00033153304663645496,0.13362218477496174,0.0001496352625824545,0.0004008142927297325
