,GF=F,KE=F,ZC=F,ZL=F,ZM=F,ZR=F,ZS=F,ZW=F
Best Model,0.00010868478962423662,0.00038466229067952355,0.0003084699606203519,0.0003659478498196799,0.0003361053211469741,0.13865800350340546,0.00014765890147711775,0.00040886616402550284
