,GF=F,KE=F,ZC=F,ZL=F,ZM=F,ZR=F,ZS=F,ZW=F
Best Model,0.00010988061363883443,0.00038715876372715305,0.0003048363714372971,0.00038347461421999287,0.0003403733620727799,0.09221165630730072,0.0001494968634986302,0.0004127218300211328
