,GF=F,KE=F,ZC=F,ZL=F,ZM=F,ZR=F,ZS=F,ZW=F
Best Model,0.00010915578663168262,0.00038285293675410786,0.0003116650392015279,0.0003731187004122382,0.00033079076953730505,0.12990403769473394,0.0001529723136950016,0.0004064415066736689
