,GF=F,KE=F,ZC=F,ZL=F,ZM=F,ZR=F,ZS=F,ZW=F
Best Model,0.0018734201221120921,0.0004222003904050402,0.00030656019187480564,0.001066542325873142,0.00033274339483640655,0.1276822631029143,0.00020327786769597776,0.0004091728357802682
