,GF=F,KE=F,ZC=F,ZL=F,ZM=F,ZR=F,ZS=F,ZW=F
Best Model,0.00010800953196853945,0.00038274193487447474,0.00030338601048401453,0.00036904268267815634,0.00032967127500776094,0.09309292083586077,0.00015113374225946458,0.0004024519154822584
